age,sex,bmi,children,smoker,region,charges
56,female,27.02,2,no,northwest,23156.27
46,male,29.4,1,no,southwest,19456.82
32,female,25.97,5,no,northwest,20395.06
60,female,30.8,1,no,northwest,26350.83
25,female,26.81,0,no,southwest,13844.33
38,male,34.88,0,no,southeast,20156.14
56,male,36.89,0,yes,northeast,59166.86
36,male,31.26,0,no,northwest,17153.52
40,female,33.42,0,no,southwest,19799.48
28,male,43.52,0,no,northwest,19355.25
28,male,23.45,1,no,southeast,14891.28
41,female,23.08,2,no,southeast,18015.95
53,male,34.84,1,yes,southwest,56536.49
57,male,42.47,2,yes,northwest,63770.43
41,female,29.01,0,no,northeast,21831.81
20,female,41.13,0,no,northeast,17170.47
39,female,31.19,2,no,northwest,21465.63
19,male,26.45,1,no,northwest,14786.2
41,male,24.56,0,yes,northwest,44204.63
61,male,34.44,2,no,southwest,26304.09
47,female,25.02,2,no,southeast,22844.16
55,female,31.1,1,yes,northeast,57533.14
19,male,40.26,0,no,southwest,15824.21
38,male,28.73,2,no,northwest,21155.2
50,female,38.62,1,no,northwest,27497.14
29,female,23.19,2,no,southeast,20038.86
39,female,27.34,2,no,northwest,18102.41
61,female,22.02,2,no,southwest,24854.38
42,male,31.05,1,no,southwest,20675.3
44,female,35.36,0,yes,southeast,57583.04
59,male,31.06,2,no,southwest,23812.27
45,male,38.09,1,no,northeast,22257.85
33,male,26.03,2,no,southwest,16845.19
32,female,31.97,0,no,southwest,18709.45
64,female,27.38,0,no,southwest,24252.38
61,female,32.81,3,no,northeast,28506.58
20,female,33.67,2,yes,northwest,52391.34
54,male,34.15,3,no,southwest,27069.37
24,female,24.07,2,no,southeast,17599.18
38,female,25.17,1,yes,northeast,42949.74
26,male,26.3,1,no,southeast,14039.65
56,female,29.14,3,no,southwest,27212.06
35,male,31.13,1,no,southeast,18656.27
21,male,34.92,1,no,southwest,18566.63
42,male,25.43,0,no,northeast,21489.6
31,male,20.83,1,no,southeast,16159.03
26,male,43.75,2,no,southeast,19330.76
43,male,23.7,0,no,southwest,17482.68
19,male,35.7,0,no,southwest,18444.12
37,male,30.79,0,yes,northwest,53033.32
45,female,32.13,0,yes,southwest,55808.36
64,female,30.59,0,no,southwest,27315.24
24,female,28.25,1,no,northwest,16994.48
61,female,33.43,3,no,southwest,28122.2
25,male,27.92,1,no,southwest,15788
64,female,37.71,0,no,northwest,27844
52,male,34.07,0,no,northeast,25507.85
31,female,34.26,2,no,northeast,20808.35
34,female,27.51,0,no,southwest,17367.05
53,female,29.16,2,no,southwest,25571.17
57,male,23.35,1,no,northwest,22536.45
21,female,28.45,2,yes,northwest,38257.51
19,male,24.28,0,no,northeast,11895.54
23,male,38.61,2,no,southeast,17814.89
59,female,30.91,0,yes,southwest,58414.38
21,female,31.64,3,no,southeast,19017.59
46,female,29.23,1,no,southeast,20536.36
35,male,31.81,0,no,northwest,19575.71
43,female,45.64,0,no,southwest,24456.97
61,male,28.77,0,no,southwest,24490.54
51,male,26.63,2,yes,northwest,44223.94
27,female,33.83,0,no,southeast,17568.19
53,female,15.96,1,no,northwest,19222.44
31,male,30.99,0,no,northeast,18857.43
48,male,28.33,2,no,southwest,22783.92
32,male,24.55,2,no,northeast,15517.41
25,female,33.7,2,no,northwest,19936.3
31,male,30.93,2,no,southwest,19294.45
40,female,19.61,0,no,northeast,17180.59
57,male,26.66,0,no,northeast,23234.23
38,male,15.96,2,no,southeast,15461.36
33,female,32.39,0,no,southwest,19293.7
62,male,32.33,1,no,northeast,27387.38
35,female,25.76,0,no,northeast,14857.66
64,female,33.89,0,yes,southeast,60158.86
41,male,22.78,0,yes,northeast,41501.58
43,female,24.7,3,no,northeast,20969.26
42,female,33.14,0,no,northeast,23231.97
62,male,26.4,1,yes,southeast,47537.39
58,female,30.22,0,no,northeast,23819.06
46,female,27.16,2,no,northeast,20829.2
32,female,28.09,0,no,southwest,16224.71
62,male,28.36,3,yes,southwest,49712.22
18,female,26.29,3,yes,southeast,39768.2
42,male,32.44,0,yes,northwest,53451.25
24,male,26.77,3,no,southwest,17097.72
26,female,30.7,5,no,southeast,16532.15
41,female,26.15,2,no,northeast,19202.99
18,female,21.24,3,yes,northeast,36602.77
61,male,36.17,0,no,southeast,29613.29
25,female,33.65,1,no,northeast,17407.8
41,female,44.56,0,no,northeast,21316.13
28,female,24.23,0,no,northwest,12270.67
34,female,29.33,5,no,northeast,20725.04
25,female,29.82,0,yes,southwest,40916.66
52,male,36.64,2,yes,northeast,60305.18
52,male,27.51,2,no,southeast,23454.36
50,female,23.46,3,no,northwest,23706.39
22,female,37.97,5,yes,northeast,53256.61
59,female,28.67,0,yes,southeast,49493.37
56,female,35.96,0,yes,southwest,57139.98
58,male,35.25,0,no,northeast,24717.58
45,female,30.42,0,no,northwest,18665.44
24,male,29.54,0,no,northeast,15449.73
26,male,28.21,0,no,southeast,15893.61
25,female,30.51,2,no,northwest,17524.15
29,male,35.86,1,no,northeast,19575.83
51,male,25.74,0,no,southwest,20080.67
50,male,31.26,1,no,northwest,23067.64
40,male,23.78,0,yes,southwest,39687.83
41,female,24.54,0,no,southeast,20656.84
54,female,30.41,2,no,northeast,24117.56
52,male,18.64,1,no,southwest,19333.67
61,female,43.17,2,no,southeast,32534.41
57,female,23.32,0,no,northeast,20382.63
39,female,30.36,2,no,southeast,19119.62
44,female,37.73,1,no,southwest,22149.67
52,female,25.34,1,no,southeast,21975.19
18,male,16.55,1,no,northwest,11587.45
52,female,27.89,3,no,northeast,24901.51
54,female,25.26,1,yes,southeast,50210.99
64,female,16.71,1,no,southwest,19113.85
31,female,32.34,5,no,northeast,21740.1
20,male,31.86,2,yes,northwest,49472.3
18,male,37.57,1,no,northeast,16366.38
22,male,23.76,2,no,northwest,13648.34
43,male,20.85,0,no,northeast,16641.85
31,female,28.12,0,no,southeast,19712.79
56,male,30.06,1,no,southeast,25756.45
44,female,36.22,3,yes,southwest,58125.79
26,female,39.2,3,no,northwest,22711.52
32,female,38.01,0,no,southwest,18134.21
32,female,32.29,1,no,southeast,17165.94
43,female,35.48,0,yes,northwest,52927.05
59,male,26.69,5,yes,southwest,48882.88
30,male,31.63,5,no,southwest,20606.55
49,male,23.33,1,no,southwest,20878.29
56,male,30.98,2,no,southwest,25468.01
49,female,31.14,2,no,southwest,21425.41
21,male,41.1,1,no,northwest,20259.73
47,female,29.2,0,no,southwest,21869.44
54,male,31.15,1,no,northwest,25419.58
40,female,32.05,2,no,southwest,18725.86
56,female,27.83,2,yes,southeast,48566.24
62,male,25.7,0,no,southeast,22428.35
32,female,38.52,3,yes,southwest,55185.02
60,female,24.62,0,no,northeast,24187.55
46,male,22.5,1,no,southeast,19861.64
53,female,34.75,2,no,northwest,24347.69
30,male,37.66,2,yes,southwest,54557.41
49,male,27.85,1,no,northwest,19782.7
24,male,27.94,0,yes,northeast,40907.4
39,female,32.32,0,no,southwest,20138.07
45,female,26.28,1,yes,southeast,46086.82
19,female,25.83,1,yes,northwest,36984.2
59,male,35.97,0,no,southeast,25755.64
62,female,34.3,2,yes,southeast,60393.72
23,male,38.6,1,no,southwest,20119.26
45,male,22.96,2,no,northwest,19023.85
45,female,27.53,2,yes,northeast,46225.89
61,male,32.32,0,no,southeast,25372.32
61,female,24.95,0,no,southwest,20771.06
37,female,34.51,2,no,southwest,20697.53
47,female,38.07,1,yes,northeast,56677.34
28,female,27.04,2,no,southwest,17112.85
45,female,30.84,2,yes,southeast,54466.39
42,male,39.48,2,no,southwest,25682.96
56,male,41.58,4,no,northwest,29237.39
50,male,35.15,1,no,northwest,24253.61
18,female,34.22,1,no,southeast,17224.84
44,female,25.39,0,no,northwest,21062.86
30,female,32.79,0,no,northeast,18306.85
58,male,34,1,yes,southwest,58818.2
20,female,29.32,0,no,southeast,12135.05
56,male,26.97,3,no,northeast,23486.93
23,male,22.78,1,no,southwest,13133.18
25,female,20,1,no,northeast,13885.59
44,female,18.72,0,no,southeast,17098.28
26,male,34.13,0,yes,southeast,52570.9
54,female,31.5,0,no,northeast,23030.53
50,male,27.65,1,yes,southwest,45984.44
59,female,28.58,0,no,northwest,26099.98
61,female,31.88,1,no,northwest,26801.74
41,male,29.6,3,no,northeast,21464.94
32,female,22.42,3,no,southeast,16248.08
49,male,36.17,1,no,southwest,23626.15
49,female,32.46,0,yes,southwest,55512.08
41,male,32.22,3,no,southeast,21529.49
58,male,35.71,3,yes,northwest,62571.5
29,female,25.64,0,no,southwest,15609.17
56,male,38,2,no,northeast,25325.34
19,female,29.75,0,yes,northwest,41127.25
20,female,36.02,2,no,northeast,18235.95
54,female,35.08,5,no,northwest,25288.58
34,male,24.26,0,no,southeast,16115.23
19,male,33.67,3,no,northeast,17442.33
19,female,32.59,1,yes,northeast,52358.89
45,female,30.78,4,yes,southeast,55521.83
40,male,30.02,1,no,northeast,21945.06
54,female,30.08,3,no,northwest,27048.23
49,female,35.56,0,yes,southwest,56775.02
50,male,34.13,0,no,southwest,23322.73
18,female,30.79,0,yes,southeast,46982.54
36,male,21.5,4,no,northwest,18044.81
19,female,33.62,2,no,northeast,16731.12
61,male,35.01,3,no,northeast,29167.47
43,female,44.63,3,no,southwest,28199.28
49,female,37.16,0,no,northeast,23275.86
23,male,19.02,0,yes,southwest,33305.01
49,female,31.08,0,yes,southeast,56342.13
21,male,41.65,0,no,northeast,19185.31
28,female,34.4,0,no,northwest,18694.13
34,male,32.6,1,no,northeast,19264.99
55,male,36.09,0,no,southwest,25764.13
41,male,26.8,0,no,southeast,21563.17
22,male,33.52,0,yes,southwest,50928.6
51,female,29.07,0,no,northeast,21910.95
23,female,30.48,4,no,southwest,17043.7
39,male,35.65,2,no,southwest,22140.22
28,male,24.95,4,no,southeast,19840.11
33,male,38.46,1,yes,northwest,54788.05
50,female,28.02,0,no,northeast,21876.31
26,female,32.19,2,no,southeast,17383.53
23,female,22.06,0,no,northwest,15016.48
33,female,34.99,0,yes,southwest,56486.76
46,male,39.42,0,yes,northwest,58801.92
20,male,27.46,0,no,southwest,14362.16
37,male,23.83,0,no,southwest,17454.17
53,female,32.3,0,no,southeast,20363.54
36,female,39.47,2,no,southwest,23908.73
43,female,21.76,0,no,southeast,18479.25
20,male,23.85,0,no,northwest,13797.51
36,male,27.83,2,no,northwest,18231.81
37,female,25.6,0,yes,southwest,41153.31
49,male,25.62,0,no,southeast,20319.46
24,female,17.83,3,no,southwest,15306.43
58,female,34.19,0,yes,southeast,58988.86
50,male,32.67,0,yes,southeast,60224.99
57,female,20.24,1,no,southeast,22443.29
56,male,39.49,0,no,northwest,24933.48
35,female,40.85,1,no,southeast,22287.18
57,male,26.02,2,yes,northwest,46828.49
18,male,37.72,0,no,southeast,13524.43
28,male,27.1,1,no,northwest,19004.21
45,female,31.7,1,yes,northeast,57089.71
42,female,25.5,0,no,northwest,19949.81
40,male,44.11,1,no,northwest,24956.11
48,male,28.79,0,no,southwest,19563.97
47,female,31.37,1,yes,southeast,55710.57
59,female,26.4,0,yes,northeast,48732.67
52,female,41.95,1,no,southwest,25483.17
24,male,42.11,0,yes,southeast,49635.35
33,female,40.55,2,no,northeast,22024.34
43,female,36.43,0,yes,northeast,56266.36
19,male,26.79,0,no,northeast,13990.35
18,female,35.65,1,yes,southeast,51562.78
29,female,30.56,2,no,northeast,19324.41
22,female,38.61,1,no,northeast,18946.15
54,male,37.41,2,yes,southwest,62266.3
49,male,26.64,2,no,northwest,19913.55
26,male,36.38,3,no,southeast,20595.87
58,male,34.76,0,no,northwest,26867.81
52,male,15.96,1,no,southwest,17403.66
36,male,35.49,3,no,northwest,19817.69
33,male,27.97,5,no,northeast,18897.09
20,female,25.2,3,no,northeast,13992.69
37,female,25.46,0,yes,southeast,42818.13
41,male,29.78,0,yes,southeast,43062.19
50,female,33.53,1,no,southeast,22749.48
41,female,22.27,2,no,southwest,17963.55
28,male,31.76,1,no,southeast,19680.95
25,female,34.12,1,no,southwest,17980.57
53,female,41.96,2,no,northeast,27519.12
55,female,24.03,0,no,northwest,21793.99
57,female,28.47,3,no,northeast,27154.09
37,female,32.2,0,no,northeast,18786.24
52,male,37.6,0,no,northeast,27253.26
42,male,28.74,1,yes,southeast,44712.74
52,male,37.91,2,no,southeast,26082.37
42,female,18.78,0,no,southeast,20885.35
46,male,22.95,0,no,northwest,17801.54
35,female,32.73,3,no,southeast,20463.47
63,female,21.99,0,no,southwest,21498.35
35,female,23.44,1,no,northeast,18685.69
19,female,27.38,1,no,northwest,16972.78
52,male,35.31,1,no,northwest,27572.88
33,male,19.03,1,no,northwest,17269.92
58,female,31.64,0,no,northwest,24695.57
53,male,36.9,1,no,northwest,25247.14
50,female,29.41,0,no,southwest,19816.25
21,male,28.35,2,no,northeast,18758.81
50,male,33.05,0,no,northwest,24118.47
31,female,29.43,1,no,northeast,17316.06
38,male,39.08,0,no,southeast,24216.09
37,female,23.82,0,no,northwest,15936.85
25,male,30.28,0,no,northwest,16943.93
24,female,31.85,0,no,northeast,16296.06
20,female,28.29,2,no,northwest,16395.02
34,male,15.96,0,no,northwest,14192.64
50,male,29.62,3,no,northwest,21634.61
29,female,36.09,4,no,southwest,21090.36
39,male,35.35,1,no,southwest,23403.3
39,male,32.76,0,no,northwest,20534.18
63,female,23.9,0,no,southwest,25082.67
47,female,33.01,2,yes,southeast,55834.71
55,male,27.1,0,no,northwest,22840.61
55,female,32.76,0,no,southeast,23641.23
62,female,31.34,1,no,northeast,27497.47
25,female,24.64,3,no,southeast,16114.24
44,male,25.16,2,no,northeast,21533.11
44,male,32.77,0,no,northwest,23462.57
51,female,29.25,2,yes,northeast,48312.43
38,male,25.47,0,no,northeast,18550.68
47,female,24.97,0,no,southeast,18743.68
50,male,28.75,3,yes,southeast,47345.82
45,female,40.17,0,no,southeast,23501.36
64,female,27.39,0,no,northwest,24700.9
50,male,30.51,0,no,northwest,22091.2
22,female,31.22,3,no,southeast,15821.11
36,male,23.7,2,no,northwest,15123.99
21,male,19.85,1,no,northwest,11677.79
52,female,24.34,2,no,northeast,22542.07
34,female,32.11,0,no,northeast,17110.73
61,male,31.13,1,no,southeast,26087.52
45,female,34.88,0,no,northwest,25564.4
47,female,31.19,0,no,northeast,23641.58
46,female,29.93,1,no,southwest,24419.31
63,female,26.92,3,no,northwest,26837.69
23,female,36,0,no,southwest,19301.26
52,male,24.99,0,yes,southeast,44211.05
58,male,23.83,0,no,northwest,21682.49
54,female,34.06,0,yes,southeast,54409.29
41,female,22.47,3,yes,southeast,44995.22
46,female,45.33,1,no,southeast,28884.49
63,male,31.09,1,no,southeast,25722.23
48,female,32.72,2,no,southeast,23385.07
52,male,25.67,0,no,northwest,20570.21
50,male,28.68,1,no,southwest,23152.98
38,male,28,1,yes,northwest,44862.4
49,female,27.29,1,no,northwest,19297.84
40,male,34.46,5,no,northwest,24327.16
50,female,27.86,2,no,northeast,22392.99
20,male,36.81,0,no,northeast,17213.09
35,female,46.85,2,no,northwest,25443.49
42,male,28.8,0,no,southwest,19857.7
59,female,31.53,0,no,northwest,25053.62
48,male,32.91,0,no,southeast,22552.19
20,female,41.65,0,yes,northeast,53750.47
57,female,30.1,1,no,northeast,25383.14
63,female,25.54,1,yes,northwest,49017.88
41,female,22.88,3,no,northwest,17632.57
49,male,30.25,1,no,southwest,22232.13
64,male,27.86,1,no,southwest,27181
39,female,42.86,0,no,southeast,23664.54
40,male,41.4,0,no,northwest,24409.3
19,female,24.29,1,no,northwest,16161.77
44,female,26.26,1,no,northwest,21910.91
59,male,31.05,2,no,northeast,26154.74
19,female,39.12,0,yes,southeast,50519.52
43,female,30.95,0,no,southwest,17204.68
34,male,26.65,1,no,northeast,17717.42
57,female,30.24,0,yes,northeast,57632.98
50,female,26.77,0,no,northeast,22116.55
26,female,34.28,2,yes,northeast,52303.14
60,female,26.27,0,no,southeast,23400.42
56,male,27.49,1,no,northwest,21052.9
46,male,37.69,0,no,southwest,22397.05
59,male,25.91,0,yes,southwest,48037.98
43,female,21.78,0,no,northeast,20857.86
52,female,31.18,2,yes,northeast,57957.71
42,male,28.4,0,no,southeast,20511.72
41,female,33.72,2,no,northeast,23744.72
30,female,32.54,0,no,southwest,17045.66
24,female,30.41,2,no,southwest,17623.22
53,female,30.23,0,no,northwest,22208.26
62,male,26.11,2,no,northwest,26580.24
37,male,31.11,1,no,southwest,20285.1
18,male,35.98,3,no,southwest,18166.68
25,female,24.66,0,no,southeast,13474.1
63,male,30.57,0,no,southeast,26981.55
33,male,36.93,0,yes,southwest,57256.07
31,female,33.68,2,no,northeast,18292.13
29,female,38.59,1,yes,northwest,53592.36
40,male,27.13,2,no,southwest,20436.41
32,male,19.43,0,no,northeast,16008.61
45,male,31.82,0,no,southwest,20956.68
51,male,32.81,0,no,northwest,19343.45
19,female,38.95,4,yes,northwest,55173.78
49,male,37.85,2,no,southeast,26695.76
40,male,33.87,3,no,southeast,19971.58
39,female,35.27,0,no,southeast,20419.65
42,male,29.43,1,no,southeast,23156.27
39,female,23.16,2,no,northwest,20819.69
39,female,31.32,0,no,northeast,21553.96
59,female,36.59,3,no,northeast,27887.83
23,male,34.6,3,yes,northeast,52479.48
32,male,35.69,3,no,southwest,20935.61
60,female,27.99,2,no,southeast,27039.36
54,male,28.98,0,no,southeast,21880.24
50,male,33.55,0,no,northwest,22356.3
25,female,27.27,4,no,northwest,18846.41
61,female,27.45,0,no,southwest,24418.46
61,male,32.42,2,no,southwest,28993.7
22,female,35.24,2,yes,northeast,50814.73
56,male,29.38,1,no,northwest,24206.83
21,male,23.5,5,yes,southeast,38091.38
23,male,26.11,0,yes,northeast,38394.04
62,male,31.84,0,no,southeast,23834.18
49,female,31.77,0,no,northeast,22049.55
47,female,32.07,1,no,southeast,20691.62
64,female,33.78,0,no,southwest,28174.88
52,female,30.64,0,no,northeast,24266.88
57,male,32.22,2,no,southeast,23270.61
33,male,30.33,3,no,southeast,21774.83
30,female,37.61,0,no,northwest,23529.12
59,male,39.34,0,no,northeast,27621.01
47,male,23.35,3,no,southeast,20218.33
36,male,29.04,0,no,northwest,22948.5
34,female,30.8,0,yes,southeast,50561.55
36,female,28.97,0,no,northeast,18721.16
45,female,41.54,1,no,southwest,25456.43
43,male,31.97,0,no,northeast,23358.72
54,female,25.69,4,yes,northeast,48446.61
43,female,34.24,1,no,southeast,21749.05
40,female,32.25,1,no,southeast,19723.22
26,female,32.46,0,no,northeast,16725.27
29,female,41.63,1,yes,northwest,53503.61
18,female,32.74,2,no,northwest,16343.74
18,male,28.75,2,no,northwest,14228.71
64,male,18.67,2,no,southeast,21309.94
51,female,29.59,1,no,southeast,24984.72
49,female,38.57,3,no,northeast,25499.49
42,male,30.04,2,no,southwest,19559.79
57,male,16.94,2,yes,southeast,44829.61
62,female,27.56,0,yes,northeast,48670.56
18,female,36.66,0,no,northeast,13878.3
33,female,33.93,0,no,southwest,19926.47
56,female,25.48,2,yes,northwest,45823.26
22,male,27.15,0,no,northeast,17211.54
39,female,28.09,0,no,northeast,19962.94
46,female,26.56,3,yes,northeast,45093.15
20,female,18.22,3,no,northwest,11773.25
29,female,35.26,3,yes,northwest,53895.55
43,male,38.27,0,yes,southwest,57950.19
33,male,21.34,2,yes,southeast,40363.76
54,male,38.19,0,no,northwest,25631.26
39,female,29.97,0,yes,southeast,43628.56
46,female,38.07,0,yes,southeast,56815.21
31,male,30.83,0,no,northwest,17484.19
45,female,31.43,1,no,northeast,19025.31
22,female,32.87,2,no,southwest,18771.59
64,male,25.78,0,no,southeast,25182.2
47,male,37.89,2,yes,northeast,57706.82
63,male,23.76,1,no,northwest,27201.1
22,male,28.15,0,no,southeast,15075.52
29,female,33.8,1,no,southeast,17310.78
33,female,27.49,0,no,southeast,18782.11
43,male,35.34,1,no,northeast,23424.07
43,female,38.99,1,yes,northeast,58313.87
38,male,36.78,0,no,northeast,20895.37
56,male,18.79,0,yes,southeast,45112.74
53,female,31.37,1,no,southeast,23743.36
50,male,36.87,3,no,southwest,26819.91
47,female,22.57,0,no,southwest,16663.58
54,female,35.01,2,no,northeast,25302.19
40,female,34.67,1,no,northeast,24459.23
27,female,23.21,3,no,northwest,14987.4
22,male,35.69,2,no,northeast,17251.24
53,female,32.26,1,no,southwest,23731.06
51,male,34.57,1,no,southwest,22773.79
48,male,24.71,3,no,southwest,18525.58
27,male,31.52,0,no,southeast,16860.12
36,male,20.2,0,no,southeast,16263.79
49,female,16.71,0,no,northeast,18184.24
18,female,31.46,2,no,northwest,15670.68
22,male,37.31,2,yes,northwest,52507.56
62,male,32.14,0,no,northwest,27676.26
21,female,30.21,1,no,southeast,15502.33
33,male,29.46,1,no,southwest,17701.88
41,female,24.85,0,no,southwest,18283.31
33,male,29.25,5,no,southeast,21269.02
19,female,33.17,0,no,northwest,17819.04
45,male,27.95,0,no,northwest,19692.78
49,male,35.18,1,no,northeast,24427.4
44,female,31.8,2,no,northeast,22997.54
37,male,32.53,0,yes,northwest,52320.13
41,male,36.02,1,yes,southeast,56361.63
29,female,27.39,1,no,northwest,14743.49
52,male,34.62,0,no,northeast,21732.42
50,female,28.24,0,no,northwest,22522.12
50,female,32.67,1,yes,southeast,57000.19
60,male,26.66,0,no,southwest,24301.42
54,male,25.04,3,no,southeast,23410.16
29,male,31.16,2,no,southeast,17083.4
20,male,19.1,5,yes,northeast,37837.12
18,male,28.79,0,no,southeast,12287.35
50,male,20.8,4,no,southeast,23726.46
57,male,35.35,1,no,northeast,24296.04
27,female,37.01,0,no,northeast,18559.32
60,male,25.33,0,no,southwest,22035.59
61,female,33.21,0,no,northwest,27068.63
46,male,36.08,2,no,southeast,23776.85
30,male,36.11,1,yes,northeast,52830
29,female,31.91,0,no,southwest,19102.8
48,male,35.08,1,yes,northwest,57843.15
63,male,26.64,0,no,northeast,25516.97
19,female,31.11,1,no,northwest,14086.01
52,male,27.75,0,no,northwest,20217.77
40,male,26.12,2,no,southeast,19946.81
34,male,30.82,2,yes,southeast,53017.73
43,female,32.72,1,no,northeast,22980.65
25,male,37.7,0,no,northwest,18440.14
46,male,32.22,0,no,northeast,22473.61
43,male,34.52,2,no,northeast,20620.93
27,male,34.59,0,yes,northwest,54759.66
43,female,46.99,0,no,northeast,25600.64
51,female,19.56,0,no,northwest,20664.38
58,male,26.4,1,yes,northwest,46440.86
24,male,39.59,1,no,northwest,19814.01
21,female,28.45,3,no,northwest,14255.73
62,female,36,0,yes,southwest,61778.1
28,male,32,0,yes,northwest,50866.04
46,female,43.44,2,no,southeast,26525.79
53,male,23.81,2,no,southeast,23389.96
42,female,38.05,0,no,southeast,21066.19
38,female,41.27,1,yes,northwest,56129.26
53,female,24.41,0,yes,southeast,46058.99
27,female,35.38,3,no,southwest,22936.33
54,male,24.71,0,no,northeast,21705.88
26,female,30.78,3,no,northwest,19045.7
41,female,29.03,2,yes,southeast,44548.54
52,male,15.96,1,no,southwest,22176.37
52,female,33.19,0,no,northeast,21336.17
53,female,31.47,1,no,southwest,24307.93
35,male,39.62,0,no,southeast,19197.68
56,female,34.33,0,yes,southwest,55339.14
49,male,44.57,1,no,northeast,27542.19
41,male,31.25,4,no,southeast,22734.25
40,male,29.96,1,no,northeast,20035.74
49,male,29.48,2,no,southwest,22884.71
54,female,27.92,0,no,northwest,27523.45
29,male,17.13,0,no,northwest,13001.74
30,female,29.26,0,no,northwest,18043.19
40,female,17.99,1,no,northwest,15897.95
42,female,33.36,3,no,northeast,23375.85
52,female,23.04,2,no,northwest,21504.65
58,female,25.14,0,no,northeast,22426.22
47,female,26.52,0,yes,southeast,47234.35
34,female,29.35,1,no,northwest,20545.78
37,female,30.64,0,no,northeast,19647.12
42,female,37.22,2,yes,northwest,53959.68
39,female,27.08,2,no,northwest,19282.49
30,male,33.53,1,no,northwest,23088.54
36,male,47.26,0,no,northeast,23832.01
53,male,32.9,0,no,southwest,25774.83
29,female,29.5,0,no,northwest,19262.91
58,male,25.85,0,no,northwest,23583.45
36,male,29.41,0,no,southeast,17560.27
29,male,25.19,2,no,southwest,13104.03
26,female,32.24,1,no,northeast,18673.24
24,female,31.23,0,no,southeast,15146.87
45,female,17.41,0,no,northwest,17737.23
31,female,30.49,0,yes,southeast,49822.27
48,male,37.16,0,no,southeast,23750.14
36,male,28.17,2,no,northwest,19451.58
64,male,26.62,0,no,southwest,25388.89
33,male,22.2,0,no,southwest,14237.77
22,female,19.27,0,no,southeast,14076.37
52,female,35.67,3,no,northwest,25230.66
29,female,29.49,1,no,northeast,15060.3
42,male,35.31,0,no,southeast,21929.46
38,female,39.94,1,no,northeast,23008.56
53,female,36.22,2,yes,southeast,60106.88
40,male,27.29,3,no,southeast,22655.2
33,male,31.48,0,no,northwest,18339.33
56,female,26.85,3,yes,northwest,48100.57
62,female,26.28,3,no,northeast,24154.22
59,female,32.69,3,no,northeast,28212.83
56,female,25.52,1,yes,southwest,47207.46
31,female,17.12,1,no,northwest,13730.96
48,female,25.18,0,no,southeast,17696.99
22,male,28.73,2,yes,southeast,42035.62
52,male,39.88,1,no,southwest,24597.48
40,male,27.61,2,no,northwest,19346.08
46,female,33.72,1,no,southeast,23628.52
60,male,29.57,2,no,southwest,24026.16
28,female,38.08,2,no,southwest,18133.74
35,female,37.66,0,no,southeast,17862.08
64,male,37.77,2,yes,southeast,63770.43
29,female,20.02,1,no,northeast,13913.22
26,female,31.86,3,no,northwest,22873.91
27,male,35.23,1,yes,northeast,51102.47
61,male,32.93,0,no,southwest,24746.82
34,male,34.48,3,no,southeast,20420.91
55,female,30.96,0,no,northeast,24402.7
24,male,26.06,3,no,southwest,15537.69
63,male,20.25,1,no,northwest,24218.5
30,female,26.66,1,no,southeast,15505.12
57,male,46.94,0,no,northeast,27259.61
59,male,27.64,1,no,northwest,21819.68
26,male,18.65,0,no,northeast,9759.64
44,female,35.07,0,no,southwest,21743.9
19,female,35.82,0,no,northwest,16044.53
22,female,38.45,0,no,northeast,17087.84
46,female,33.47,4,no,northwest,26306.11
54,male,35.76,4,no,southwest,28970.05
55,female,41.83,0,yes,northwest,60596.8
36,female,26.05,2,no,northeast,16074.12
25,male,24.84,0,no,southwest,13851.94
62,male,23.92,2,yes,southeast,47526.27
18,male,28.98,2,no,northeast,14158.3
39,female,39.34,3,no,northeast,22930.42
34,female,33.82,0,no,southwest,18665.81
24,female,33.58,2,yes,southwest,51244.19
42,male,19.5,0,no,southeast,16396.69
62,male,26.37,5,no,northeast,27098.48
21,female,19.4,0,yes,southwest,36410.55
53,male,37.74,1,no,southeast,24681.03
23,male,40.27,1,no,southeast,21212.6
48,male,35.36,2,no,southwest,23087.91
36,female,24.58,0,no,northeast,14947.3
61,male,39.64,3,no,northwest,30138.17
56,male,29.06,0,no,northwest,22491.89
44,female,23.19,1,yes,southeast,43713.94
27,female,24.72,0,yes,northwest,35360.5
43,male,27.98,0,no,northwest,22232.68
36,male,30.9,1,no,southwest,20753.44
56,female,29.62,0,no,southeast,21635.29
20,female,21.98,0,no,northeast,10375.83
62,male,38,0,yes,southeast,63770.43
30,male,29.68,0,no,southwest,16297.93
45,male,26.25,2,no,northwest,19823.72
37,male,37.37,3,no,northeast,19486.92
45,female,23.38,0,no,southeast,18737.83
25,male,20.66,0,no,northwest,13106.42
58,male,38.36,0,yes,southeast,61881.24
56,female,42.14,0,no,northeast,25543.38
18,male,27.78,2,no,southeast,12503.57
20,female,30.32,1,no,southeast,16247.44
30,male,23.61,0,no,southeast,17093.1
45,male,30.63,0,yes,northwest,52882.27
42,female,27.7,0,yes,northeast,45232.27
50,female,29.98,2,no,northeast,23500.31
55,male,33.1,4,no,northwest,28217.71
23,male,23.9,0,yes,northwest,37614.67
61,male,28.39,0,yes,northwest,44783.58
62,female,19.6,3,yes,southwest,47377.05
49,male,28.43,3,no,southeast,24794.22
62,female,30.03,0,yes,southeast,57968.38
64,female,32,0,no,northeast,26018.05
38,male,32.06,0,no,southeast,19853.8
33,female,36.11,1,no,southwest,16208.73
38,male,21.21,0,yes,northwest,43170.02
28,male,21.53,0,no,northeast,13106.94
54,male,33.83,1,yes,northeast,59682.6
53,male,18.16,0,no,southeast,19567.95
52,male,31.72,2,no,northeast,26352.43
36,female,23.4,0,no,northwest,17629.08
37,female,40.19,0,no,northeast,21954.61
35,male,32.13,1,no,northwest,18523.73
64,male,29.26,0,no,southwest,26974.78
58,female,38.09,4,no,southwest,26016.84
31,female,24.11,1,no,northwest,17426.84
32,female,25.27,0,no,southeast,14932.43
48,female,22.91,2,no,northeast,22701.43
18,male,25.32,0,no,southeast,13337.95
20,male,30.97,3,no,northeast,17682.19
33,female,33.61,0,no,southwest,19455.98
40,male,36.46,1,no,southwest,19784.43
28,female,19.47,0,no,southwest,12549.91
29,male,29.55,1,no,northeast,18598.58
27,female,23.84,2,yes,southwest,39901.98
49,male,29.35,2,no,southwest,24776.48
33,female,44.84,0,no,southwest,23306.91
25,female,32.38,0,no,southwest,15513.95
55,male,36.09,2,no,southeast,25332.9
29,female,42.56,3,no,southwest,22597.38
41,male,37.48,0,yes,southwest,52822.93
45,male,27.87,1,no,southeast,23596.16
25,female,22.82,0,yes,southeast,38558.62
45,male,30.42,3,yes,northeast,58441.55
53,male,27.14,0,no,northwest,20021.09
43,male,21.3,0,no,southwest,20006.85
25,male,32.07,2,no,southwest,21168.25
45,male,32.22,0,no,southwest,19934.68
45,female,41.39,1,yes,northeast,60099.1
54,male,28.39,1,no,southwest,23493.66
58,male,32.31,0,no,northwest,22876.35
53,male,26.54,0,no,southeast,22951.33
44,male,35.93,1,no,northeast,24504.4
34,male,29.84,0,no,southeast,17550.31
26,female,23.45,1,no,southwest,16758.87
50,male,30.52,2,yes,southwest,54905.85
37,female,32.98,2,no,southwest,18851.87
30,female,32.16,0,no,northwest,18352.9
45,female,36.98,0,yes,northwest,57182.08
46,female,21.77,0,yes,northeast,41756.14
30,male,25.46,0,no,southeast,17352.39
63,female,34.5,0,no,southwest,27896.34
52,female,26.18,2,yes,southwest,47891.21
23,male,32.07,0,no,southwest,16186.3
35,male,15.96,0,no,southwest,15441.87
22,male,47.17,0,no,northwest,19982.52
64,female,28.95,2,no,southeast,29715.73
42,male,37.88,0,no,southeast,21645.18
19,male,28.54,1,no,northeast,17944.95
27,female,33.13,0,no,northwest,17741.33
47,male,39.7,3,no,southwest,24021.73
62,male,37.71,3,no,southeast,31290.12
22,male,29.35,0,yes,southeast,39293.85
50,male,29.77,0,no,northwest,23707.69
18,female,36.72,0,no,northeast,18351.78
35,male,44.83,0,no,northeast,23705.93
49,male,31.77,2,no,southwest,22842.64
64,female,42.54,2,no,northeast,32175.57
28,male,29.13,2,no,southeast,17690.13
38,female,36.41,2,no,northeast,23401.79
43,male,37.32,0,no,southwest,19715.4
42,female,28.1,0,no,southeast,20600.47
39,female,26.04,2,no,northeast,18554.12
44,female,37.59,0,no,northeast,25756.96
30,female,27.36,2,no,northwest,18592.63
50,male,25.14,0,yes,southwest,45201.79
51,female,26.43,0,no,northeast,22408.46
58,male,27.33,5,no,northwest,24576.34
52,female,35.83,0,no,southeast,27183.89
18,female,33.74,5,no,northwest,20984.06
38,female,34.97,4,no,northwest,23480.37
23,male,33.17,2,no,northeast,20036.61
45,female,26.98,1,no,northeast,19965.28
34,male,34.85,1,no,northeast,19234.33
22,male,37.81,3,no,northwest,19329.39
48,male,34.17,0,no,southeast,23903.41
22,male,33.34,1,no,southwest,16386.02
55,male,25.92,1,no,northwest,23807.65
20,male,31.89,0,no,northeast,16026.58
40,male,25.6,1,yes,southwest,41457.54
54,male,30.45,0,no,southeast,24413.19
54,male,20.59,1,no,southwest,22447.29
27,female,20.64,3,no,northeast,15624.2
27,female,29.43,0,no,northwest,18307.97
36,female,27.25,3,no,northwest,17773.89
34,female,31.25,2,no,northeast,20526.93
38,female,29.78,2,yes,northwest,42428.58
31,male,30.78,1,no,northeast,16787.88
26,male,34.31,2,no,northwest,17796.6
63,male,27.77,0,no,northwest,23667.91
18,male,29.26,2,no,northwest,14406.01
62,male,39.48,0,no,southeast,28022.77
30,male,30.62,3,yes,southeast,54166.73
21,male,29.51,5,no,northeast,16996.26
18,female,31.1,0,no,southeast,12451.56
57,female,29.62,0,no,northeast,25846.1
49,female,26.27,2,no,southwest,20825.36
51,female,24.51,0,no,southwest,21014.92
45,male,25.94,3,no,southeast,22126.8
48,male,35.92,0,no,southwest,24075.42
25,male,26.76,0,no,southwest,16919.27
56,female,29.65,4,no,northwest,26513.5
43,male,34.87,2,no,northwest,21869.04
51,male,28.9,3,no,northeast,27112.84
20,male,34.46,0,no,southwest,16629.5
29,female,21.2,2,no,northeast,15338.99
18,male,29.79,1,no,northeast,16357.89
61,female,31.08,1,no,southwest,26423.18
22,female,30.74,2,no,southeast,17270.84
47,female,20.52,1,yes,southwest,46919.28
47,female,37.94,1,yes,northwest,57994.32
34,male,25.39,0,no,southwest,16640.36
64,female,32.64,2,no,southeast,27916.87
40,female,30.65,0,no,northeast,21802.27
32,male,36.72,2,no,northeast,18706.2
54,male,43.94,0,no,northwest,24733.67
38,female,22.73,1,yes,northwest,40713.33
31,male,26.64,2,no,northwest,15241.12
19,female,31.75,0,no,northeast,14637.75
28,female,23.86,0,no,northwest,15911.75
56,female,35.37,0,no,southwest,24274.88
55,female,35.74,1,no,northeast,23806.76
51,male,34.01,3,no,southeast,25482.01
55,female,32.04,0,no,northeast,25655.82
51,male,38.96,2,no,southwest,23845.54
35,male,23.55,0,no,southwest,18045.35
47,male,31,1,no,northwest,23750.96
32,male,26.09,3,yes,northeast,43483.13
44,female,36.03,0,no,northeast,24636.72
51,male,19.42,1,yes,northeast,47154.02
55,female,30.43,0,no,southeast,23344.86
50,male,32.64,0,no,northwest,23456.36
41,male,24.82,0,no,southwest,18071.34
32,female,26.78,0,no,southwest,17036.97
47,female,30.69,1,yes,northwest,58531.31
59,female,36.43,1,no,southwest,25136.48
34,male,24.3,1,no,southwest,15973.43
22,male,25.36,0,no,northwest,16173.77
46,female,37.47,0,yes,southwest,59071.05
21,female,28.93,2,no,northeast,15334.3
27,female,25.86,4,yes,southeast,42489.6
34,female,35.04,0,yes,northwest,54323.82
27,male,27.62,3,no,southeast,19711.41
34,female,36.87,1,no,southwest,21147.76
37,female,26.55,1,no,southwest,20228.45
41,female,29.63,1,yes,northeast,48377.02
22,female,36.36,0,no,northwest,18305.15
51,male,29.22,0,no,southwest,22589.99
23,female,35.21,1,no,northwest,18871.67
19,male,30.2,0,no,northwest,14262.08
30,female,42.69,3,no,northwest,26313.95
60,female,40.17,0,no,northwest,28321.11
60,male,22.5,0,no,northwest,22340.6
28,female,33.79,2,no,southeast,17833.47
64,male,25.62,0,no,northeast,26331.83
40,male,31.77,1,no,northwest,22306.78
33,female,31.02,2,no,southeast,18759.97
48,male,24.16,3,no,southwest,22537.68
28,male,37.06,2,yes,northwest,51605.17
33,male,31.84,2,no,southwest,20029.46
25,male,28.86,2,no,northwest,17537.13
21,male,27.93,3,no,southeast,18614.99
57,male,31.45,0,no,southeast,23528.77
21,male,33.09,0,no,southeast,14259.47
42,male,29.84,0,no,northeast,19108.86
20,female,15.96,0,no,southwest,8783.15
49,female,30.7,2,no,northeast,25414.99
20,male,21.81,1,no,northwest,15340.96
44,female,29.32,1,yes,southwest,45551.32
46,male,22.03,0,no,southeast,20940.94
49,male,21.96,2,yes,southwest,44788.94
36,female,38.13,0,no,southeast,21296.33
38,male,28.65,2,no,northeast,19545.44
22,male,28.18,1,no,northeast,14963.41
35,male,33.54,0,no,southeast,17490.3
45,male,28.34,0,no,southeast,21148.38
59,female,43.43,0,no,northwest,28718.5
39,male,28.93,2,no,northeast,21497.04
38,male,32.83,3,no,northeast,21914.29
23,male,36.52,1,no,northwest,17936.94
18,female,40.37,0,no,northeast,16304.21
22,male,26.07,0,no,southeast,14429.23
58,female,28.05,2,no,southwest,25972.36
29,female,38.38,2,no,southwest,18998.99
43,male,35.54,0,no,northeast,22543.21
63,male,37.16,0,no,northwest,28247.56
51,female,22.25,2,yes,southeast,44097.9
31,male,40.04,0,no,southwest,19880.22
43,female,25.96,0,no,southeast,19883.92
62,female,31.77,0,no,northeast,24330.87
44,male,29.7,1,no,northeast,21909.89
26,male,25.24,3,no,southwest,15153.97
43,female,21.98,3,no,northeast,21363.28
64,female,19.96,1,no,northwest,26969.74
39,female,31.33,1,no,northeast,19332.86
64,female,21.3,0,no,northeast,24191.31
47,male,23.68,1,no,northeast,19238.89
60,male,29.27,0,yes,southeast,50142.43
34,male,15.96,1,no,southeast,12865.11
43,male,35.35,0,no,southwest,23075.88
53,male,15.96,0,no,southwest,17728.52
18,female,30.13,0,yes,southwest,48028.52
25,male,30.69,0,no,northeast,14910.46
52,male,33.88,0,no,southeast,25397.53
32,male,30.35,0,no,northwest,16849.53
64,male,42.91,5,no,northeast,33075.95
39,male,31.92,1,yes,northeast,54084.85
31,female,37.03,1,no,northeast,20162.29
43,female,26.19,3,no,northwest,21253.63
45,female,31.34,5,no,southwest,22884.26
40,male,40.04,1,yes,northwest,57602.55
31,female,29.15,2,no,southwest,20740.5
41,female,31.77,0,no,northwest,19613.86
19,male,36.58,0,no,southeast,18481.72
62,male,26.07,0,yes,northeast,50368.15
43,male,17.41,2,no,northeast,16698.77
31,female,32.16,2,no,northeast,17165.42
24,female,36.63,0,no,southwest,18441.94
20,male,22.36,0,no,northwest,11886.89
64,male,34.69,1,no,southeast,30684.9
40,female,34.73,0,no,northwest,21471.21
63,female,16.73,1,yes,northeast,44840.7
60,male,24.89,2,no,southeast,22696.26
64,male,28.19,2,yes,southeast,51841.86
62,female,29.5,2,no,northeast,25443.22
35,male,26.07,3,no,northwest,19061.74
55,female,25.74,1,no,northeast,24380.7
52,female,40.8,2,yes,northwest,60263.61
32,female,29.94,1,no,southeast,18388.11
42,female,26.36,0,no,southeast,19383.15
54,male,30.35,0,yes,northeast,58429.99
45,male,33.88,0,yes,southeast,57100.12
27,female,30.91,1,yes,southwest,50967.83
56,female,29.35,1,no,southeast,24375.47
34,female,26.63,3,no,southwest,18356.33
56,female,26.56,0,no,southeast,20751.58
39,female,26.95,0,yes,northeast,43021.4
43,male,32.67,4,no,northeast,26289.29
61,male,24.54,0,no,southwest,22286.42
42,male,33,1,no,northeast,20715.46
34,male,39.22,1,no,southeast,20434.91
30,female,32.59,1,yes,southeast,53638.89
37,female,28.35,0,yes,northeast,43227.73
42,female,22.68,0,yes,southeast,41866.19
21,female,40.23,0,no,northwest,16941.97
27,female,23.46,1,yes,northwest,39201.57
20,male,35.78,1,no,southeast,14862.07
58,female,34.49,0,no,northeast,26062.14
62,male,29.16,1,no,southwest,27030.29
35,male,29,2,no,northeast,17523.2
64,male,19.4,0,no,southwest,20521.22
53,male,32.61,1,no,northeast,26877.16
64,female,34.38,2,yes,southeast,61146.36
39,male,23.96,0,no,northwest,19641.92
51,male,29.65,0,no,northeast,22414
64,male,30.83,1,no,southwest,26481.07
25,female,34.17,3,no,northwest,19583.62
57,female,30.62,2,no,southwest,24060
61,female,20.68,1,no,southeast,23127.75
36,male,27.37,2,no,northwest,18588.77
59,male,31.97,0,no,southwest,23360.26
58,female,35.73,1,yes,northeast,61000.22
54,male,26.83,1,no,southeast,22629.04
23,female,43.94,0,no,southeast,19696.46
43,female,19.04,2,no,southeast,16596.76
51,male,27.16,1,no,northeast,24760.1
62,male,30.09,0,no,northeast,26842.07
23,male,29.38,3,yes,northwest,42235.23
54,male,23.08,0,no,northeast,20965.83
50,female,33.33,0,no,northwest,20905.23
39,female,32.86,0,no,southeast,23537.38
38,female,30.89,2,yes,northwest,54425.35
23,female,32.62,2,no,southwest,16362.8
23,female,28.01,0,no,southeast,15778.2
21,male,20.73,2,no,southeast,15169.68
47,female,26.23,0,no,northwest,20584.42
28,female,31.56,2,yes,southeast,54135.86
47,female,31.59,1,no,northeast,24326.5
48,male,30.85,0,no,southwest,20640.43
41,male,33.95,3,no,northwest,21849.31
26,male,27.06,0,no,northwest,17054.31
20,male,30.76,0,yes,southeast,44959.08
48,female,34.09,1,no,northeast,23477.82
57,female,30.08,4,no,southeast,24027.75
54,male,23.02,0,no,southeast,20691.17
53,male,24.73,0,no,northwest,21220.77
41,female,35.67,0,no,southeast,21413.63
48,female,39.09,1,no,southwest,24373.61
23,male,37.77,0,yes,southeast,50235.28
19,male,32.02,1,no,southeast,19268.87
37,male,23.26,5,no,northwest,22404.19
45,male,30.56,1,no,southeast,20149.9
28,female,40.13,0,no,northeast,22412.18
21,female,34.37,0,no,northwest,15961.8
32,female,29.33,0,no,southeast,17992.78
23,male,34.43,3,no,southwest,18409.09
47,male,22.86,0,no,southwest,18618.38
55,female,26.36,0,no,northwest,24133.78
19,female,23.99,1,yes,northwest,37410.83
32,female,33.46,1,no,southeast,18798.17
28,female,34.96,1,yes,northeast,50806.12
25,male,29.66,0,no,southeast,14807.61
43,female,25.28,2,no,southwest,17821.93
62,female,30.48,3,no,northeast,27087.34
61,female,27.63,1,no,northeast,23219
22,female,25.74,3,no,northeast,15248.66
23,female,32.67,0,yes,southeast,52406.15
43,female,25.98,1,no,southwest,21817.95
21,female,21.05,1,no,northwest,12991.58
36,male,22.4,1,no,southeast,17064.37
37,male,20.82,0,no,northwest,19315.81
50,male,32.11,0,no,northeast,23914.13
37,male,31.52,0,no,northeast,19214.29
29,female,31.21,0,no,southeast,15473.97
64,male,34.19,0,no,southwest,27847.81
18,male,37.87,2,yes,northeast,52854.99
43,female,26.99,0,yes,northwest,42699.52
31,female,33.08,0,no,northwest,19110.8
55,male,20.96,1,no,southeast,20967.64
54,male,39.01,1,no,northwest,26401.95
28,female,23.01,3,yes,southwest,36396.27
53,male,26.27,1,no,northeast,22273.33
30,female,26.95,0,no,northwest,18039.05
60,female,21.29,2,no,northwest,22389.9
20,female,30.8,1,no,northeast,15793.79
50,female,31.9,0,yes,southeast,55736.07
23,male,29.44,1,no,northwest,16597.66
27,female,21.2,3,no,southeast,15210.22
22,female,42.7,0,yes,southeast,51701.14
40,male,33.95,0,yes,northwest,56983.83
27,female,46.67,0,yes,southwest,56944.4
61,male,25.69,0,yes,southeast,46849.64
19,male,36.44,1,no,northwest,17903.68
30,male,35.35,1,no,southeast,20386.12
57,female,28.83,0,yes,northeast,48662.45
19,male,39.21,3,yes,southwest,50196.62
37,male,28.13,2,no,southwest,21148.91
18,female,28.4,1,no,northeast,13640.45
54,male,15.96,2,no,northeast,19701.26
26,male,33.1,0,no,southeast,21386.82
34,male,22.51,1,no,northeast,17180.81
26,male,27.24,1,no,southwest,15567.52
28,male,24.34,2,yes,northeast,36744.06
32,female,28.37,2,no,northwest,20545.65
41,male,33.31,0,no,northwest,19225.19
55,male,30.67,3,no,southeast,23870.84
52,female,34.93,0,no,southwest,23981.97
47,female,38.32,3,no,northwest,27795.62
48,female,28.35,4,no,northeast,24564.86
22,male,27.68,0,no,northwest,14567.24
61,female,36.44,2,yes,northwest,62394.44
31,male,36.93,0,yes,southeast,52728.42
28,male,35.12,0,no,northeast,18745.48
26,female,24.79,1,no,northeast,15522.01
51,female,33.18,1,no,northeast,25632.15
29,male,31.27,3,no,southeast,20506.77
52,female,37.02,2,yes,northeast,60596.97
52,male,27.11,1,yes,northeast,45864.48
18,female,20.43,2,no,northwest,13691.73
57,female,34.81,3,no,northwest,26980.05
39,female,15.96,0,no,northeast,13915.13
46,male,26.14,5,no,southwest,22112.07
25,female,24.36,0,no,southwest,14684.79
28,male,24.32,2,no,northeast,17611.32
58,male,26.03,0,yes,southwest,46833.71
54,male,38.03,0,no,southeast,24095.2
31,male,35.61,1,no,northwest,19993.11
47,female,29.06,1,no,southeast,22113.18
52,male,37.52,0,no,northwest,25534.76
38,male,24.12,0,no,southwest,19115.81
54,female,23.29,1,no,southwest,23490.38
22,male,35.87,3,yes,northeast,51594.68
36,female,34.14,0,no,southwest,19317.78
31,male,27.79,0,yes,southwest,39326.7
43,female,23.67,1,no,northeast,20374.22
21,male,39.5,0,yes,northeast,54073.23
42,female,20.11,2,no,northwest,18010.38
62,male,26.95,2,no,southwest,25172.85
59,male,31.99,1,no,northwest,28022.17
42,female,41.59,0,no,northwest,24735.34
35,female,32.94,2,yes,southeast,55036.35
57,female,33.53,1,no,southwest,23997.63
25,female,27.13,2,no,southwest,17357.09
56,male,34.07,1,no,southeast,24302.3
57,male,31.24,2,yes,northwest,57670.97
31,female,20.91,1,no,southwest,14977.84
49,male,35.44,0,no,northwest,23003.31
55,female,36.52,3,yes,southeast,60598.6
50,female,35.5,1,no,northeast,22463.53
40,male,30.8,1,no,northwest,22153.22
32,male,24.77,0,no,southwest,18122.53
50,male,16.51,1,no,northeast,16006.99
42,male,31.56,1,no,northwest,22910.69
34,male,37.2,0,no,northwest,19444.21
50,male,36.67,0,no,northeast,25786.46
64,male,35.58,1,no,northeast,28046.33
19,female,30.15,2,no,northeast,15788.16
31,female,37.23,1,no,southwest,20116.35
57,female,36.24,0,no,southwest,27940.19
57,female,28.02,2,no,northwest,22746.62
56,female,34.73,0,no,northwest,26330.76
23,male,27.33,1,no,southeast,17076
23,female,33.89,0,no,southwest,17991.51
20,female,22.68,0,yes,northwest,40091.05
24,female,23.14,0,no,northeast,13148.58
25,female,37.06,0,no,northeast,19803.96
59,female,36.32,0,yes,southwest,60286.86
32,female,34.47,0,no,northeast,21191.11
64,female,31.14,1,no,southeast,26805.47
46,male,16.01,1,no,northwest,17196.19
50,male,30.14,0,no,northwest,24501.11
47,female,33.37,2,no,northwest,22973.66
56,male,27.34,0,yes,southwest,44882.91
44,male,26.25,1,no,northeast,19574.73
53,male,39.41,0,yes,southeast,60801.55
46,male,30.23,0,yes,southwest,57457.06
55,female,33.37,1,yes,northwest,59202.69
50,male,35.32,1,no,southeast,26548.3
54,male,24.49,3,no,northwest,21234.74
44,male,31.78,1,yes,northwest,55144.1
50,female,38.65,3,yes,southwest,59887.14
21,female,41.7,0,no,northwest,18588.16
39,female,30.84,0,yes,southeast,53928.14
19,female,29.15,0,yes,northwest,39331.37
27,female,32.24,0,yes,northeast,50554.79
22,female,32.09,1,no,northwest,16810.54
27,female,39.06,1,no,southwest,19875.32
50,male,24.52,0,no,southeast,19467.17
55,male,28.89,3,no,southwest,24671.5
30,male,23.79,3,no,northeast,16846.51
48,female,24.43,0,no,northwest,20081.38
64,female,32.9,0,no,southwest,26917.64
53,female,35.54,0,no,southwest,25025.51
62,female,26.64,0,no,southwest,23843.56
41,female,35.31,0,yes,southwest,57552.07
32,male,37.38,1,no,northeast,18934.78
46,male,42.4,0,no,northeast,24138.54
25,female,31.03,0,no,northwest,20728.95
22,female,26.7,5,no,northwest,15328.01
46,female,24.48,2,no,southeast,18763.37
64,female,23.88,3,yes,northeast,50490.72
21,male,38.22,0,no,southwest,14600.32
29,female,21.36,0,no,southwest,14305.09
62,female,38.03,1,no,southeast,31602.74
19,female,25.3,0,no,southwest,11022.6
44,female,26.42,0,no,southeast,16953.05
48,male,29.68,2,no,northwest,20605.23
53,female,26.31,1,no,northeast,23965.54
53,female,36.29,0,yes,southeast,60624.17
43,male,41.66,1,no,southwest,23954.12
60,male,26.59,0,no,southeast,25001.82
44,male,27.96,0,no,northwest,22473.38
22,female,29.6,0,no,southwest,18061.02
37,female,33.9,0,no,northwest,20050.5
28,male,29.66,0,no,northwest,13445.79
27,male,39.06,3,no,southeast,19661.68
57,male,37.59,1,no,northwest,26361.79
55,male,23.37,2,no,southwest,22322.59
23,male,33.78,0,no,northwest,16602.21
25,male,39.87,0,yes,northwest,54689.34
40,female,27.58,0,no,southeast,21185.64
64,female,28.8,0,no,northwest,25382.49
43,female,27.38,0,no,northeast,21611.73
63,male,27.51,2,yes,southeast,50289.49
60,male,20.42,2,no,southeast,23172.76
29,male,22.5,1,no,southwest,16834.82
43,male,31.07,1,no,southwest,21654.38
30,male,39.83,3,no,southwest,24960.72
57,male,26.86,0,no,southwest,21150.38
35,female,26.68,0,no,northeast,16981.24
42,female,40.98,0,yes,southeast,57404.22
50,male,23.84,2,no,northwest,22261.18
64,female,20.47,5,no,southwest,27417.94
57,male,25.55,0,yes,southwest,46678.4
60,female,26.56,3,no,southwest,23259.66
29,male,19.94,2,no,northwest,16445.77
61,male,29.82,0,no,southwest,26328.44
53,female,36.39,0,no,northwest,22254.21
21,female,22.76,0,no,southeast,13072.29
22,male,31.13,4,yes,southeast,49153.79
54,male,33.02,0,yes,southeast,57209.02
25,female,30.09,2,no,northeast,15872.79
59,female,31.73,0,no,northwest,26482.9
45,male,31.8,2,no,southwest,22915.25
48,female,25.64,1,no,southwest,19238.61
26,male,39.74,1,no,southwest,21217.1
46,male,38.21,2,no,southwest,22762.29
31,male,37.86,2,no,northeast,21553.17
57,male,36.78,3,no,southwest,26487.98
58,female,20.99,0,no,northeast,21248.48
39,female,36.25,2,no,northwest,23331.41
28,female,34.6,0,no,southeast,19162.17
40,female,21.23,0,yes,southwest,43174.45
18,female,29.29,1,no,southeast,14638.62
63,female,32.29,0,no,northwest,26896.68
54,female,40.75,1,yes,northwest,60343.39
38,male,35.02,5,no,southwest,23653.98
43,female,25.33,0,yes,northwest,43808.23
63,female,40.94,2,no,southeast,29834.54
53,male,30.87,0,no,southwest,20805.37
40,female,29.04,0,no,northeast,20209.21
18,female,28.6,0,yes,southwest,38426.84
57,male,20.7,3,no,southeast,21864.74
32,female,29.93,3,no,southwest,17477.42
38,female,33.63,3,no,southwest,24227.82
64,female,28.25,5,no,southeast,28587.17
26,male,33.16,0,yes,southwest,50904.38
26,female,25.33,0,no,southwest,13393.45
27,female,29.74,2,no,southeast,16389.28
43,male,32.53,1,no,northwest,23937.89
58,female,31.76,0,yes,southeast,59034.49
52,male,20.81,0,yes,southwest,43217.12
42,male,27.92,1,yes,northeast,44915.53
43,female,40.83,1,no,northeast,23252.4
28,male,27.6,0,no,southeast,18531.26
55,male,30.7,1,no,northeast,26464.2
19,female,30.07,1,no,southwest,14546.14
24,male,40.17,1,no,southwest,18582.99
35,male,38.47,0,no,southeast,17363.8
44,female,35.53,2,no,southwest,21386.63
51,female,24.66,0,yes,northwest,42938.8
44,female,32.79,0,no,southwest,22039.79
34,male,34.06,2,no,southeast,20178.65
60,female,26.34,1,yes,northwest,46159
61,male,25.29,0,no,northwest,23415.25
41,male,41,2,no,northeast,25258.01
42,male,28.77,1,no,southwest,21397.76
24,male,40.45,2,no,southeast,17235.49
23,male,36.68,2,no,northeast,18511.6
41,male,33.09,1,no,northeast,19576.99
50,male,33.36,1,no,southwest,25335.59
46,female,22.06,0,no,southwest,20294.22
60,female,31.86,0,no,southeast,24210.96
39,male,39.24,0,no,northeast,21372.93
43,male,34.76,1,no,southeast,21961.1
45,female,31.54,1,no,northeast,18807.81
38,male,41.04,0,no,northeast,23315.95
24,female,29.47,0,yes,northeast,39231.73
34,female,26.82,1,yes,southwest,43276.26
37,female,31.54,0,yes,northeast,51864.39
58,male,35.28,2,no,northeast,26105.32
37,male,20.12,0,no,northeast,14026.21
39,female,32.34,1,no,northwest,19420.56
45,female,35.54,3,no,southwest,22564.03
57,female,28.96,0,no,northwest,25431.96
24,female,37.35,1,no,southwest,17632.61
18,female,34.51,0,yes,southeast,49839.26
49,male,43.66,1,no,northwest,26251.85
30,female,26.02,1,no,southeast,14876.8
47,male,35.67,0,no,northeast,23198.55
40,female,24.39,1,no,southeast,19690.65
36,male,20.75,3,no,southeast,15838.36
49,male,18.18,0,yes,southeast,43717.67
47,male,33.88,0,yes,southeast,55439.42
46,male,31.72,3,yes,southwest,56516.52
62,male,27.68,1,no,northwest,26075.02
46,male,19.78,3,no,southwest,18863.85
47,female,26.39,1,no,southwest,21198.36
33,male,30.62,2,yes,southwest,52713.96
57,female,35.44,1,no,southeast,26551.05
36,male,30.5,2,no,southwest,16528.89
35,male,32.14,3,no,northwest,18072.48
18,female,28.31,1,no,southwest,15391.95
31,male,41.27,0,no,northeast,22686.77
64,female,24.39,0,no,southeast,22951.27
19,female,26.33,0,no,northeast,13282.96
45,female,27.6,0,no,northwest,20972.08
47,female,33.91,0,no,northwest,23962.83
55,male,24.26,1,no,northwest,19461.48
21,male,31.43,1,no,northwest,14824.94
18,female,31.61,1,no,southwest,14959.13
25,male,26.36,1,no,southeast,16687.71
46,male,32.61,0,no,northwest,26030.65
56,female,24.45,0,no,northeast,21992.99
20,male,23.79,0,no,northwest,11026.53
49,female,31.21,1,no,southeast,23691.4
27,female,20.48,0,yes,northeast,39675.49
27,male,17.52,0,no,northeast,13168.02
36,male,33.85,0,no,northeast,18795.03
63,male,37,2,no,southwest,30236.99
51,female,27.75,0,no,northwest,23070.32
50,female,26.52,1,no,southwest,20391.88
40,male,36.73,2,no,northeast,23541.14
45,male,23.61,2,no,southwest,21778.9
49,male,22.28,3,no,southwest,23131.84
24,male,34.92,0,no,southwest,17376.33
46,female,30.66,0,no,northwest,21160.88
25,male,37.1,3,no,northeast,21645.91
18,female,17.54,1,no,northeast,9421.76
20,female,22.06,1,yes,northwest,37550.87
41,male,30.69,2,no,southwest,19351.96
40,male,33.15,2,no,southwest,23493.06
25,male,35.77,3,no,southeast,19018.93
64,female,31.67,5,no,southeast,30778.87
54,male,31.6,2,no,southeast,25667.12
20,male,28.22,0,no,northwest,12631.17
50,female,40.3,3,no,northeast,29151.94
45,male,23.87,0,no,southeast,21737.87
64,female,32.79,0,yes,northeast,61960.43
25,male,24.57,3,no,northeast,14903.62
51,female,33.86,0,yes,northeast,57248.98
52,male,24.27,0,no,northwest,21499.14
49,male,35.14,0,no,northwest,22736.43
41,female,31.28,3,no,northwest,24597.52
31,female,41.24,1,no,northwest,21813.49
49,male,28.89,2,yes,southeast,42611.98
63,female,33.19,0,no,southwest,27216.03
60,female,25.84,2,no,southwest,24179.76
33,female,28.84,2,no,southwest,18739.61
21,female,31.25,0,no,southeast,15072.07
54,male,21.28,0,no,southwest,22094.57
38,male,21.95,0,yes,southeast,42564.53
31,female,34.26,4,no,southeast,21352.58
48,female,29.71,1,no,southeast,21879.03
35,female,26.98,3,no,southwest,19206.99
24,female,26.1,0,no,northeast,14859.4
27,male,26.34,2,yes,southwest,39198.35
24,male,31.29,2,no,southwest,18205.39
50,female,33.31,2,yes,northwest,58933.06
40,female,17.84,4,no,southeast,20562.66
38,female,39.22,0,no,northeast,24149.02
36,male,38.78,0,no,northwest,20605.49
36,female,16.38,2,no,northeast,17094.45
53,male,37.22,2,no,northeast,24939.57
46,female,37.04,1,no,southeast,25130.9
35,male,30.6,0,no,southwest,18155.08
19,female,22.69,1,yes,southeast,35297.12
18,male,36.79,0,no,southeast,16957.07
64,female,29.13,1,no,northwest,22202.15
22,female,33.95,1,no,southeast,14533.54
37,female,44.14,2,no,southwest,24175.76
28,male,32.14,0,no,northeast,17765.66
59,female,25.01,0,no,southeast,22699.02
19,male,28.55,0,no,northeast,11945.85
20,male,25.78,0,no,southeast,12507.16
40,female,33.24,2,no,northeast,22508.81
29,female,25.68,3,no,southeast,18251.67
37,female,27.72,0,no,northwest,18541.67
22,male,22.76,2,yes,northeast,39813.25
54,female,29.79,3,no,southeast,25458.1
55,male,31.68,3,no,southeast,24557.82
47,male,15.96,0,no,northwest,17117.25
26,female,32.18,3,no,northwest,16474.7
51,female,30.32,0,yes,northwest,56483.79
61,female,25.93,0,no,northeast,25697.15
52,female,42.97,0,no,northeast,27918.94
39,female,36.45,1,yes,northwest,58063.01
61,female,23.91,0,yes,southwest,46768.67
41,male,35.71,0,no,southwest,23982.15
34,male,38.19,0,no,southeast,20667.04
27,male,31.41,2,yes,southwest,54130.38
47,female,32.8,3,no,southeast,23982.21
63,male,32.66,0,no,northeast,27608.85
40,male,17.88,3,no,northeast,20001.67
49,male,29.46,3,no,southwest,23222.86
34,male,29.14,2,no,northeast,19519.58
34,male,39.32,0,no,northwest,23229.3
31,female,32.64,2,no,northwest,19292.5
26,female,28.78,3,no,southwest,15577.66
57,male,30.05,2,no,southwest,28429.51
19,male,36.84,0,no,southeast,16097.35
62,male,29.47,1,no,northeast,26054.13
42,female,26.34,1,no,southeast,21611.01
56,female,28.92,1,yes,southeast,47038.26
26,male,36.34,0,no,northwest,16890.2
39,female,33.63,0,no,northwest,21219.61
60,female,30.87,2,no,northwest,23521.39
63,male,31.77,3,yes,northwest,61074.14
21,female,27.19,0,no,southeast,14774.56
43,female,29.42,3,no,northwest,21596.07
46,male,26.55,0,no,northeast,18149.82
